"dataset_id","raw_variable","proposed_construct","wave","grade","collection_period","respondent_source","raw_label","score_type","documented_valid_min","documented_valid_max","value_labels","documented_special_codes","assessment_language","raw_or_derived","documented_scoring_derivation","permitted_transformation","transformation_status","source_tier","source_document","source_page_or_section","documentation_status","conflict_or_question_id","review_status","review_notes"
"DS0001","STUDY_ID","child_identifier","All","Pre-K to K","Study record","Study administration","STUDY ID: UNIQUE CHILD IDENTIFIER","identifier","","","","","Not applicable","released identifier","Documented as the unique child identifier.","Retain unchanged as an identifier; no dataset linkage is authorized by this row.","none","release-specific","docs/icpsr/DS0001/04283-0001-Codebook.pdf; docs/icpsr/DS0001/04283-0001-Setup.dct","Codebook PDF p. 6; Setup.dct line 17","verified","","pending","Uniqueness is an empirical validation, not a documentary field."
"DS0001","T_IDEAP","teacher_modernity_fall_pre_k","PF","Pre-K","Fall","Teacher questionnaire","TQ: PREK: SCHAEFER TRAD CHILD-REARING VIEWS","16-item Modernity Scale","1","5","1=Strongly Disagree | 2=Mildly Disagree | 3=Not Sure | 4=Mildly Agree | 5=Strongly Agree","-99=System Missing","Not applicable","derived scale score","User guide says the score is the mean of 16 Likert items, with non-traditional beliefs reverse-scored; higher values indicate more progressive beliefs. The released variable is sum-like, creating a scale-construction conflict.","Do not divide by 16 or otherwise harmonize until release-specific scoring evidence explicitly establishes the released construction.","blocked","release-specific plus study guide","docs/icpsr/DS0001/04283-0001-Codebook.pdf; docs/icpsr/DS0001/04283-0001-Questionnaire.pdf; docs/icpsr/04283-User_guide.pdf; docs/icpsr/DS0001/04283-0001-Setup.do","Codebook PDF p. 538; Questionnaire PDF p. 22, Fall Pre-K item 31; User guide PDF pp. 23 and 40; Setup.do lines 302 and 3040","conflict","Q01","pending","Observed in Fall Pre-K only. Any later spring assignment would be carry-forward, not a spring measurement."
"DS0001","T_IDEAK","teacher_modernity_fall_k","KF","Kindergarten","Fall","Teacher questionnaire","TQF/D: K: SCHAEFER TRAD CHILD-REARING VIEWS","16-item Modernity Scale","1","5","1=Strongly Disagree | 2=Mildly Disagree | 3=Not Sure | 4=Mildly Agree | 5=Strongly Agree","-99=System Missing","Not applicable","derived scale score","User guide says the score is the mean of 16 Likert items, with non-traditional beliefs reverse-scored; higher values indicate more progressive beliefs. Exact release-specific construction remains undocumented.","Do not harmonize with T_IDEAP until release-specific scoring evidence explicitly establishes both released constructions.","blocked","release-specific plus study guide","docs/icpsr/DS0001/04283-0001-Codebook.pdf; docs/icpsr/DS0001/04283-0001-Questionnaire.pdf; docs/icpsr/04283-User_guide.pdf; docs/icpsr/DS0001/04283-0001-Setup.do","Codebook PDF p. 788; Questionnaire PDF p. 33, Fall K item 40; User guide PDF pp. 26 and 40; Setup.do lines 1691 and 3378","conflict","Q01","pending","Observed in Fall Kindergarten only. Any later spring assignment would be carry-forward, not a spring measurement."
"DS0001","PPVTEPF","ppvt_english_standard_score","PF","Pre-K","Fall","Child assessment","ASMNT: PREK: FALL: ENGLISH: PEABODY PICT VOCAB TEST (STAND SCORE)","standard score","","","","-99=System Missing | -5=No Response from Child / Not Applicable","English","released derived score","PPVT-III English receptive-vocabulary standard score.","Retain released value; any later cleaned copy for documented special codes requires approval.","proposed_not_approved","release-specific plus study guide","docs/icpsr/DS0001/04283-0001-Codebook.pdf; docs/icpsr/04283-User_guide.pdf; docs/icpsr/DS0001/04283-0001-Setup.do","Codebook PDF p. 35; User guide PDF p. 48; Setup.do lines 140-141 and 2601","partial","Q03","pending","No explicit theoretical valid-score bounds were found."
"DS0001","PPVTEPS","ppvt_english_standard_score","PS","Pre-K","Spring","Child assessment","ASMNT: PREK: SPRING:ENGLISH: PEABODY PICT VOCAB TEST (STAND SCORE)","standard score","","","","-99=System Missing | -5=No Response from Child / Not Applicable","English","released derived score","PPVT-III English receptive-vocabulary standard score.","Retain released value; any later cleaned copy for documented special codes requires approval.","proposed_not_approved","release-specific plus study guide","docs/icpsr/DS0001/04283-0001-Codebook.pdf; docs/icpsr/04283-User_guide.pdf; docs/icpsr/DS0001/04283-0001-Setup.do","Codebook PDF p. 61; User guide PDF p. 48; Setup.do lines 187-188 and 2625","partial","Q03","pending","No explicit theoretical valid-score bounds were found."
"DS0001","PPVTEKF","ppvt_english_standard_score","KF","Kindergarten","Fall","Child assessment","ASMNT: K: FALL: ENGLISH: PEABODY PICT VOCAB TEST (STAND SCORE)","standard score","","","","-99=System Missing","English","released derived score","PPVT-III English receptive-vocabulary standard score.","Retain released value; no English/Spanish combination is authorized.","none","release-specific plus study guide","docs/icpsr/DS0001/04283-0001-Codebook.pdf; docs/icpsr/04283-User_guide.pdf; docs/icpsr/DS0001/04283-0001-Setup.do","Codebook PDF p. 587; User guide PDF pp. 27 and 48; Setup.do lines 1065 and 3119","partial","Q03; Q09","pending","The guide says Spanish-battery children also received a separate English PPVT in K, but exact mapping remains unresolved."
"DS0001","PPVTEKS","ppvt_english_standard_score","KS","Kindergarten","Spring","Child assessment","ASMNT: K: SPRING: ENGLISH: PEABODY PICT VOCAB TEST (STAND SCORE)","standard score","","","","-99=System Missing","English","released derived score","PPVT-III English receptive-vocabulary standard score.","Retain released value; no English/Spanish combination is authorized.","none","release-specific plus study guide","docs/icpsr/DS0001/04283-0001-Codebook.pdf; docs/icpsr/04283-User_guide.pdf; docs/icpsr/DS0001/04283-0001-Setup.do","Codebook PDF p. 615; User guide PDF pp. 27 and 48; Setup.do lines 1104 and 3145","partial","Q03; Q09","pending","No explicit theoretical valid-score bounds were found."
"DS0001","WJ10_SSEPF","applied_problems_english_standard_score","PF","Pre-K","Fall","Child assessment","ASMNT: PREK: FALL: ENGLISH: WJIII TEST 10 (APP PROB): STAND SCORE","standard score","","","","-99=System Missing | -7=Child Failed Practice Items | -5=No Response from Child / Not Applicable","English","released derived score","Woodcock-Johnson III Applied Problems standard score.","Retain released value; later exclude documented special codes only in a separately approved cleaned copy.","proposed_not_approved","release-specific plus study guide","docs/icpsr/DS0001/04283-0001-Codebook.pdf; docs/icpsr/04283-User_guide.pdf; docs/icpsr/DS0001/04283-0001-Setup.do","Codebook PDF p. 41; User guide PDF p. 48; Setup.do lines 149-150 and 2606","partial","Q03","pending","The released R object retains documented -7 values; this tranche does not recode them."
"DS0001","WJ10_SSEPS","applied_problems_english_standard_score","PS","Pre-K","Spring","Child assessment","ASMNT: PREK: SPRING:ENGLISH: WJIII TEST 10 (APP PROB): STAND SCORE","standard score","","","","-99=System Missing | -7=Child Failed Practice Items | -6=Item is Missing (But Form is Present) | -5=No Response from Child / Not Applicable","English","released derived score","Woodcock-Johnson III Applied Problems standard score.","Retain released value; later exclude documented special codes only in a separately approved cleaned copy.","proposed_not_approved","release-specific plus study guide","docs/icpsr/DS0001/04283-0001-Codebook.pdf; docs/icpsr/04283-User_guide.pdf; docs/icpsr/DS0001/04283-0001-Setup.do","Codebook PDF p. 67; User guide PDF p. 48; Setup.do lines 196-198 and 2629","partial","Q03","pending","The released R object retains one documented -7 value; this tranche does not recode it."
"DS0001","WJ10_SSEKF","applied_problems_english_standard_score","KF","Kindergarten","Fall","Child assessment","ASMNT: K: FALL: ENGLISH: WJIII TEST 10 (APP PROB) (STAND SCORE)","standard score","","","","-99=System Missing | -5=No Response from Child / Not Applicable","English","released derived score","Woodcock-Johnson III Applied Problems standard score.","Retain released value; any later cleaned copy for documented special codes requires approval.","proposed_not_approved","release-specific plus study guide","docs/icpsr/DS0001/04283-0001-Codebook.pdf; docs/icpsr/04283-User_guide.pdf; docs/icpsr/DS0001/04283-0001-Setup.do","Codebook PDF p. 594; User guide PDF p. 48; Setup.do lines 1074-1075 and 3124","partial","Q03","pending","No explicit theoretical valid-score bounds were found."
"DS0001","WJ10_SSEKS","applied_problems_english_standard_score","KS","Kindergarten","Spring","Child assessment","ASMNT: K: SPRING: ENGLISH: WJIII TEST 10 (APP PROB) (STAND SCORE)","standard score","","","","-99=System Missing","English","released derived score","Woodcock-Johnson III Applied Problems standard score.","Retain released value; any later cleaned copy requires approval.","none","release-specific plus study guide","docs/icpsr/DS0001/04283-0001-Codebook.pdf; docs/icpsr/04283-User_guide.pdf; docs/icpsr/DS0001/04283-0001-Setup.do","Codebook PDF p. 623; User guide PDF p. 48; Setup.do lines 1110 and 3150","partial","Q03","pending","No explicit theoretical valid-score bounds were found."
"DS0001","WJ21AEPF","sound_awareness_rhyming_raw_score","PF","Pre-K","Fall","Child assessment","ASMNT: PREK: FALL: ENGLISH: WJIII TEST 21A (RHYMING): RAW SCORE","raw score","0","17","","-99=System Missing | -5=No Response from Child / Not Applicable","English","released raw score","Woodcock-Johnson III Sound Awareness-Rhyming raw score; study guide documents a maximum possible score of 17.","Retain released value; any later cleaned copy for documented special codes requires approval.","proposed_not_approved","release-specific plus study guide","docs/icpsr/DS0001/04283-0001-Codebook.pdf; docs/icpsr/04283-User_guide.pdf; docs/icpsr/DS0001/04283-0001-Setup.do","Codebook PDF p. 43; User guide PDF p. 48; Setup.do lines 151-152 and 2607","verified","","pending","Documented range is 0-17."
"DS0001","WJ21AEPS","sound_awareness_rhyming_raw_score","PS","Pre-K","Spring","Child assessment","ASMNT: PREK: SPRING:ENGLISH: WJIII TEST 21A (RHYMING): RAW SCORE","raw score","0","17","","-99=System Missing | -5=No Response from Child / Not Applicable","English","released raw score","Woodcock-Johnson III Sound Awareness-Rhyming raw score; study guide documents a maximum possible score of 17.","Retain released value; any later cleaned copy for documented special codes requires approval.","proposed_not_approved","release-specific plus study guide","docs/icpsr/DS0001/04283-0001-Codebook.pdf; docs/icpsr/04283-User_guide.pdf; docs/icpsr/DS0001/04283-0001-Setup.do","Codebook PDF p. 69; User guide PDF p. 48; Setup.do lines 199-200 and 2630","verified","","pending","Documented range is 0-17."
"DS0001","WJ21AEKF","sound_awareness_rhyming_raw_score","KF","Kindergarten","Fall","Child assessment","ASMNT: K: FALL: ENGLISH: WJIII TEST 21A (RHYMING) (RAW SCORE)","raw score","0","17","","-99=System Missing","English","released raw score","Woodcock-Johnson III Sound Awareness-Rhyming raw score; study guide documents a maximum possible score of 17.","Retain released value.","none","release-specific plus study guide","docs/icpsr/DS0001/04283-0001-Codebook.pdf; docs/icpsr/04283-User_guide.pdf; docs/icpsr/DS0001/04283-0001-Setup.do","Codebook PDF p. 596; User guide PDF p. 48; Setup.do lines 1076 and 3125","verified","","pending","Documented range is 0-17."
"DS0001","WJ21AEKS","sound_awareness_rhyming_raw_score","KS","Kindergarten","Spring","Child assessment","ASMNT: K: SPRING: ENGLISH: WJIII TEST 21A (RHYMING) (RAW SCORE)","raw score","0","17","","-99=System Missing","English","released raw score","Woodcock-Johnson III Sound Awareness-Rhyming raw score; study guide documents a maximum possible score of 17.","Retain released value.","none","release-specific plus study guide","docs/icpsr/DS0001/04283-0001-Codebook.pdf; docs/icpsr/04283-User_guide.pdf; docs/icpsr/DS0001/04283-0001-Setup.do","Codebook PDF p. 625; User guide PDF p. 48; Setup.do lines 1111 and 3151","verified","","pending","Documented range is 0-17."
"DS0001","ASMSTATPF","assessment_status","PF","Pre-K","Fall","Test session observation","TEST SESSION OBS: PREK: FALL: ASMNT STATUS","categorical status","","","1=Absent | 2=Full Assessment (English) | 3=Full Assessment (Spanish) | 4=Non-English, Spanish-Speaking Child Failed Pre-LAS | 5=Partial Assessment (English) | 6=Partial Assessment (Spanish) | 7=Child Refused Assessment","-99=System Missing","Mixed/status","released categorical status","Release-specific status categories distinguish English, Spanish, partial, absence, failed Pre-LAS, and refusal.","Retain categories unchanged; do not infer outcome language from names alone.","none","release-specific","docs/icpsr/DS0001/04283-0001-Codebook.pdf; docs/icpsr/DS0001/04283-0001-Setup.do","Codebook PDF p. 53; Setup.do lines 167-173 and 2617","verified","","pending",""
"DS0001","ASMSTATPS","assessment_status","PS","Pre-K","Spring","Test session observation","TEST SESSION OBS: PREK: SPRING: ASSESSMENT STATUS","categorical status","","","1=Absent | 2=Full Assessment (English) | 3=Full Assessment (Spanish) | 4=Non-English, Spanish-Speaking Child Failed Pre-LAS | 5=Partial Assessment (English) | 6=Partial Assessment (Spanish) | 7=Child Refused Assessment | 8=DR","-99=System Missing","Mixed/status","released categorical status","Release-specific status categories include 8=DR, whose meaning is not defined in available documentation.","Retain categories unchanged; do not expand DR without documentary evidence.","blocked","release-specific","docs/icpsr/DS0001/04283-0001-Codebook.pdf; docs/icpsr/DS0001/04283-0001-Setup.do","Codebook PDF p. 80; Setup.do lines 210-216 and 2640","unresolved","Q02","pending","Code 8 must remain labeled only as DR."
"DS0001","ASMSTATKF","assessment_status","KF","Kindergarten","Fall","Test session observation","TEST SESSION OBS: K: FALL: ASSESSMENT STATUS","categorical status","","","1=Absent | 2=Full Assessment (English) | 3=Full Assessment (Spanish) | 4=Non-English, Spanish-Speaking Child Failed Pre-LAS | 5=Partial Assessment (English) | 6=Partial Assessment (Spanish) | 7=Child Refused Assessment","-99=System Missing","Mixed/status","released categorical status","Release-specific status categories distinguish English, Spanish, partial, absence, failed Pre-LAS, and refusal.","Retain categories unchanged; do not combine English and Spanish outcomes.","none","release-specific","docs/icpsr/DS0001/04283-0001-Codebook.pdf; docs/icpsr/DS0001/04283-0001-Setup.do","Codebook PDF p. 609; Setup.do lines 1090-1096 and 3138","verified","","pending",""
"DS0001","ASMSTATKS","assessment_status","KS","Kindergarten","Spring","Test session observation","TEST SESSION OBS: K: SPRING: ASSESSMENT STATUS","categorical status","","","1=Absent | 2=Full Assessment (English) | 3=Full Assessment (Spanish) | 4=Non-English, Spanish-Speaking Child Failed Pre-LAS | 5=Partial Assessment (English) | 6=Partial Assessment (Spanish) | 7=Child Refused Assessment","-99=System Missing","Mixed/status","released categorical status","Release-specific status categories distinguish English, Spanish, partial, absence, failed Pre-LAS, and refusal.","Retain categories unchanged; do not combine English and Spanish outcomes.","none","release-specific","docs/icpsr/DS0001/04283-0001-Codebook.pdf; docs/icpsr/DS0001/04283-0001-Setup.do","Codebook PDF p. 635; Setup.do lines 1124-1130 and 3164","verified","","pending",""
"DS0001","CLS_SIZEPF","class_size","PF","Pre-K","Fall","Teacher questionnaire","TQ: PREK: CLASS SIZE IN OBSERVED CLASS FALL","count","","","","-99=System Missing","Not applicable","released count","Number of children in the observed Fall Pre-K class.","Retain released value; no sample restriction is authorized.","none","release-specific","docs/icpsr/DS0001/04283-0001-Codebook.pdf; docs/icpsr/DS0001/04283-0001-Setup.dct; docs/icpsr/DS0001/04283-0001-Setup.do","Codebook PDF p. 495; Setup.dct line 461; Setup.do lines 250 and 2996","verified","","pending",""
"DS0001","CLS_SIZEPS","class_size","PS","Pre-K","Spring","Teacher questionnaire","TQS: PREK: #STUDENTS IN OBS. CLASS SPRING","count","","","","-99=System Missing | -6=Item is Missing (But Form is Present)","Not applicable","released count","Number of students in the observed Spring Pre-K class.","Retain released value; any later cleaned copy for documented special codes requires approval.","proposed_not_approved","release-specific","docs/icpsr/DS0001/04283-0001-Codebook.pdf; docs/icpsr/DS0001/04283-0001-Setup.dct; docs/icpsr/DS0001/04283-0001-Setup.do","Codebook PDF p. 546; Setup.dct line 515; Setup.do lines 314-315 and 3050","verified","","pending",""
"DS0001","CLS_SIZEKF","class_size","KF","Kindergarten","Fall","Teacher questionnaire","TQF/D: K: FALL: CLASS SIZE IN OBSERVED CLASS","count","","","","-99=System Missing | -6=Item is Missing (But Form is Present)","Not applicable","released count","Number of students enrolled in the observed Fall Kindergarten class.","Retain released value; any later cleaned copy for documented special codes requires approval.","proposed_not_approved","release-specific","docs/icpsr/DS0001/04283-0001-Codebook.pdf; docs/icpsr/DS0001/04283-0001-Setup.dct; docs/icpsr/DS0001/04283-0001-Setup.do","Codebook PDF p. 761; Setup.dct line 812; Setup.do lines 1637-1638 and 3346","verified","","pending",""
"DS0001","CLS_SIZEKS","class_size","KS","Kindergarten","Spring","Teacher questionnaire","TQS: K: SPRING: CLASS SIZE IN OBSERVED CLASS","count","","","","-99=System Missing","Not applicable","released count","Number of students in the observed Spring Kindergarten class.","Retain released value; no sample restriction is authorized.","none","release-specific","docs/icpsr/DS0001/04283-0001-Codebook.pdf; docs/icpsr/DS0001/04283-0001-Setup.dct; docs/icpsr/DS0001/04283-0001-Setup.do","Codebook PDF p. 826; Setup.dct line 895; Setup.do lines 1777 and 3428","verified","","pending",""
"DS0001","CHGENP","child_sex","Baseline","Pre-K","Family questionnaire","Parent/female guardian","PRESCHOOL: CHILD`S GENDER","categorical","","","1=Male | 2=Female","-99=System Missing","Not applicable","released categorical response","Release category records child gender as male/female.","Retain released categories; final control use is not decided.","none","release-specific","docs/icpsr/DS0001/04283-0001-Codebook.pdf; docs/icpsr/DS0001/04283-0001-Setup.do","Codebook PDF p. 7; Setup.do line 70","verified","","pending","Historical candidate control only."
"DS0001","CHRACE_AAP","child_race_african_american_indicator","Baseline","Pre-K","Family questionnaire","Parent/female guardian","FAMQ: PREK: CHILD RACE: AFRICAN AMERICAN? (NOT MUTUALLY EXCLUSIVE)","binary indicator","","","0=No | 1=Yes","-99=System Missing","Not applicable","released categorical response","One of several non-mutually-exclusive race indicators.","Retain released categories; final control coding is not decided.","none","release-specific","docs/icpsr/DS0001/04283-0001-Codebook.pdf; docs/icpsr/DS0001/04283-0001-Setup.do","Codebook PDF p. 9; Setup.do line 77","verified","","pending","Historical candidate control only."
"DS0001","CHRACE_ASP","child_race_asian_indicator","Baseline","Pre-K","Family questionnaire","Parent/female guardian","FAMQ: PREK: CHILD RACE: ASIAN? (NOT MUTUALLY EXCLUSIVE)","binary indicator","","","0=No | 1=Yes","-99=System Missing","Not applicable","released categorical response","One of several non-mutually-exclusive race indicators.","Retain released categories; final control coding is not decided.","none","release-specific","docs/icpsr/DS0001/04283-0001-Codebook.pdf; docs/icpsr/DS0001/04283-0001-Setup.do","Codebook PDF p. 9; Setup.do line 78","verified","","pending","Historical candidate control only."
"DS0001","CHRACE_LTP","child_race_latino_indicator","Baseline","Pre-K","Family questionnaire","Parent/female guardian","FAMQ: PREK: CHILD RACE: LATINO? (NOT MUTUALLY EXCLUSIVE)","binary indicator","","","0=No | 1=Yes","-99=System Missing","Not applicable","released categorical response","One of several non-mutually-exclusive race indicators.","Retain released categories; final control coding is not decided.","none","release-specific","docs/icpsr/DS0001/04283-0001-Codebook.pdf; docs/icpsr/DS0001/04283-0001-Setup.do","Codebook PDF pp. 9-10; Setup.do line 79","verified","","pending","Historical candidate control only."
"DS0001","CHRACE_NAP","child_race_native_american_indicator","Baseline","Pre-K","Family questionnaire","Parent/female guardian","FAMQ: PREK: CHILD RACE: NATIVE AMERICAN? (NOT MUTUALLY EXCLUSIVE)","binary indicator","","","0=No | 1=Yes","-99=System Missing","Not applicable","released categorical response","One of several non-mutually-exclusive race indicators.","Retain released categories; final control coding is not decided.","none","release-specific","docs/icpsr/DS0001/04283-0001-Codebook.pdf; docs/icpsr/DS0001/04283-0001-Setup.do","Codebook PDF p. 10; Setup.do line 80","verified","","pending","Historical candidate control only."
"DS0001","CHRACE_WHP","child_race_white_indicator","Baseline","Pre-K","Family questionnaire","Parent/female guardian","FAMQ: PREK: CHILD RACE: WHITE? (NOT MUTUALLY EXCLUSIVE)","binary indicator","","","0=No | 1=Yes","-99=System Missing","Not applicable","released categorical response","One of several non-mutually-exclusive race indicators.","Retain released categories; final control coding and reference category are not decided.","none","release-specific","docs/icpsr/DS0001/04283-0001-Codebook.pdf; docs/icpsr/DS0001/04283-0001-Setup.do","Codebook PDF p. 11; Setup.do line 82","verified","","pending","Historical candidate control only."
"DS0001","CHINCOMCP","family_income_category","Baseline","Pre-K","Family questionnaire","Parent/female guardian","FAMQ: PREK: CHILDS FAMILY INCOME (CATEGORICAL)","ordered income category","","","1=$5,000 or < | 2=$5,001 - $10,000 | 3=$10,001 - $15,000 | 4=$15,001 - $20,000 | 5=$20,001 - $25,000 | 6=$25,001 - $30,000 | 7=$30,001 - $35,000 | 8=$35,001 - $40,000 | 9=$40,001 - $45,000 | 10=$45,001 - $50,000 | 11=$50,001 - $55,000 | 12=$55,001 - $60,000 | 13=$60,001 - $65,000 | 14=$65,001 - $70,000 | 15=$70,001 - $75,000 | 16=$75,001 - $80,000 | 17=$80,001 - $85,000 | 18=$85,001 or >","-99=System Missing","Not applicable","released categorical response","Annual total family income category.","Retain categories; do not impose numeric midpoints or choose final control form without approval.","blocked","release-specific","docs/icpsr/DS0001/04283-0001-Codebook.pdf; docs/icpsr/DS0001/04283-0001-Setup.do","Codebook PDF p. 21; Setup.do lines 106-115","verified","","pending","Historical candidate control only; numeric treatment is not authorized."
"DS0001","CHMATEDCP","maternal_education_category","Baseline","Pre-K","Family questionnaire","Parent/female guardian","FAMQ: PREK: CHILD`S MOTHER`S EDUCATION LEVEL (CATEGORICAL)","ordered education category","","","1=8th Grade or less | 2=Some high school | 3=HS diploma or equivalent | 4=Some college | 5=HS + tech training | 6=AA, AS, 2yr degree | 7=Bachelor's | 8=Master's | 9=Doctoral | 10=Other","-99=System Missing","Not applicable","released categorical response","Highest education level of mother/female guardian living in the household.","Retain categories; do not impose years-of-schooling values or choose final control form without approval.","blocked","release-specific","docs/icpsr/DS0001/04283-0001-Codebook.pdf; docs/icpsr/DS0001/04283-0001-Setup.do","Codebook PDF p. 8; Setup.do lines 71-75","verified","","pending","Historical candidate control only; numeric conversion is not authorized."
"DS0001","T_CHNGCP","pre_k_child_level_teacher_or_classroom_change","Pre-K F-S","Pre-K","Fall-to-Spring","Child-level derived record","PREK: Indicates F-S None(=0) Teacher Change(=1) or New Class(=2): based on child-level data","categorical change indicator","","","0=No change in teacher, Classroom | 1=Change in Teacher | 2=Change in Classroom","-99=System Missing","Not applicable","released derived indicator","Child-level Pre-K fall-to-spring teacher/classroom change indicator.","Retain categories; do not collapse teacher and classroom changes without approval.","none","release-specific","docs/icpsr/DS0001/04283-0001-Codebook.pdf; docs/icpsr/DS0001/04283-0001-Setup.dct; docs/icpsr/DS0001/04283-0001-Setup.do","Codebook PDF p. 313; Setup.dct line 326; Setup.do lines 688-690 and 2861","verified","","pending","Distinct from questionnaire-derived T_CHNG."
"DS0001","T_CHNG","pre_k_questionnaire_teacher_or_classroom_change","Pre-K F-S","Pre-K","Fall-to-Spring","Teacher questionnaire","TQ: PREK: Indicates F-S None (=0) Teacher Change (=1) or New Class (=2)","categorical change indicator","","","0=No change in teacher, classroom | 1=Change in teacher | 2=Change in classroom","-99=System Missing","Not applicable","released questionnaire indicator","Teacher-questionnaire Pre-K fall-to-spring teacher/classroom change indicator.","Retain categories; relationship to T_CHNGCP must be audited before use.","blocked","release-specific","docs/icpsr/DS0001/04283-0001-Codebook.pdf; docs/icpsr/DS0001/04283-0001-Setup.dct; docs/icpsr/DS0001/04283-0001-Setup.do","Codebook PDF p. 580; Setup.dct line 577; Setup.do lines 1056-1058 and 3112","partial","Q08","pending","Available sources do not fully explain differences from T_CHNGCP."
"DS0001","TCHCHNGK","kindergarten_teacher_change","K F-S","Kindergarten","Across school year","Study-derived record","K: CHANGE IN TEACHERS DURING K YEAR? (1=Y)","binary change indicator","","","0=No | 1=Yes","-99=System Missing","Not applicable","released derived indicator","Indicates whether the teacher changed during the Kindergarten year.","Retain categories.","none","release-specific","docs/icpsr/DS0001/04283-0001-Codebook.pdf; docs/icpsr/DS0001/04283-0001-Setup.do","Codebook PDF p. 1115; Setup.do lines 2520 and 3750","verified","","pending",""
"DS0001","CLASSCHNGK","kindergarten_classroom_change","K F-S","Kindergarten","Across school year","Study-derived record","K: CHANGE IN CLASSROOM DURING K YEAR? (1=Y)","binary change indicator","","","0=No | 1=Yes","-99=System Missing","Not applicable","released derived indicator","Indicates whether the classroom changed during the Kindergarten year.","Retain categories.","none","release-specific","docs/icpsr/DS0001/04283-0001-Codebook.pdf; docs/icpsr/DS0001/04283-0001-Setup.do","Codebook PDF p. 1116; Setup.do lines 2521 and 3751","verified","","pending",""
"DS0001","SNAPCLASSK","kindergarten_snapshot_classroom_count","K observations","Kindergarten","Across observations","Classroom observation","SNAP: K: NUMBER OF CLASSROOMS CHILD WAS OBSERVED IN","count","","","","-99=System Missing","Not applicable","released count","Number of classrooms in which the child was observed for the Kindergarten Snapshot.","Retain released value; do not treat as a classroom identifier.","none","release-specific","docs/icpsr/DS0001/04283-0001-Codebook.pdf; docs/icpsr/DS0001/04283-0001-Setup.do","Codebook PDF p. 964; Setup.do lines 1918 and 3533","verified","","pending",""
"DS0001","NUMCLSRMK","kindergarten_observed_classroom_count","K observations","Kindergarten","Across instruments","Study-derived record","K: NUMBER OF CLASSROOMS CHILD WAS OBSERVED IN (ASMNT/TQ/TQSC/ECER/SNAP)","count","","","","-99=System Missing","Not applicable","released count","Number of Kindergarten classrooms in which the child was observed across listed instruments.","Retain released value; do not treat as a classroom identifier.","none","release-specific","docs/icpsr/DS0001/04283-0001-Codebook.pdf; docs/icpsr/DS0001/04283-0001-Setup.do","Codebook PDF p. 1122; Setup.do lines 2534 and 3756","verified","","pending",""
"DS0001","SITE_PF","pre_k_fall_site_id","PF","Pre-K","Fall","Study administration","PRESCHOOL: FALL: SITE ID","site identifier","","","","-99=System Missing","Not applicable","released identifier","Documented as the Pre-K Fall site ID.","Retain unchanged; do not relabel as teacher, classroom, school, or state identifier.","none","release-specific","docs/icpsr/DS0001/04283-0001-Codebook.pdf; docs/icpsr/DS0001/04283-0001-Setup.dct; docs/icpsr/DS0001/04283-0001-Setup.do","Codebook PDF p. 317; Setup.dct line 329; Setup.do lines 693 and 2864","verified","Q07","pending","Nesting interpretation beyond documented site is not authorized."
"DS0001","SITE_PS","pre_k_spring_site_id","PS","Pre-K","Spring","Study administration","PRESCHOOL: SPRING: SITE ID","site identifier","","","","-99=System Missing","Not applicable","released identifier","Documented as the Pre-K Spring site ID.","Retain unchanged; do not relabel as teacher, classroom, school, or state identifier.","none","release-specific","docs/icpsr/DS0001/04283-0001-Codebook.pdf; docs/icpsr/DS0001/04283-0001-Setup.dct; docs/icpsr/DS0001/04283-0001-Setup.do","Codebook PDF p. 315; Setup.dct line 328; Setup.do lines 692 and 2863","verified","Q07","pending","Nesting interpretation beyond documented site is not authorized."
"DS0001","SITE_TRPS","pre_k_spring_teacher_rating_site_id","PS","Pre-K","Spring","Study administration","PRESCHOOL: SPRING: SITE WHERE TEACHER RATED CHILD","site identifier","","","","-99=System Missing","Not applicable","released identifier","Documented as the site where the teacher rated the child in Spring Pre-K.","Retain unchanged; do not relabel as a teacher or classroom identifier.","none","release-specific","docs/icpsr/DS0001/04283-0001-Codebook.pdf; docs/icpsr/DS0001/04283-0001-Setup.dct; docs/icpsr/DS0001/04283-0001-Setup.do","Codebook PDF p. 319; Setup.dct line 330; Setup.do lines 694 and 2865","verified","Q07","pending",""
"DS0001","SITE_ECK","kindergarten_ecers_site_id","K observations","Kindergarten","Across school year","Study administration","K YEAR: SITE OF ECERS","site identifier","","","","-99=System Missing","Not applicable","released identifier","Documented as the Kindergarten-year ECERS site.","Retain unchanged; do not relabel as a teacher, classroom, school, or state identifier.","none","release-specific","docs/icpsr/DS0001/04283-0001-Codebook.pdf; docs/icpsr/DS0001/04283-0001-Setup.do","Codebook PDF p. 1116; Setup.do lines 2522 and 3752","verified","Q07","pending",""
"DS0001","SITE_TRKF","kindergarten_fall_teacher_rating_site_id","KF","Kindergarten","Fall","Study administration","K YEAR: FALL: SITE WHERE TEACHER RATED CHILD","site identifier","","","","-99=System Missing","Not applicable","released identifier","Documented as the site where the teacher rated the child in Fall Kindergarten.","Retain unchanged; do not relabel as a teacher or classroom identifier.","none","release-specific","docs/icpsr/DS0001/04283-0001-Codebook.pdf; docs/icpsr/DS0001/04283-0001-Setup.do","Codebook PDF p. 1118; Setup.do lines 2523 and 3753","verified","Q07","pending",""
"DS0001","SITE_TRKS","kindergarten_spring_teacher_rating_site_id","KS","Kindergarten","Spring","Study administration","K YEAR: SPRING: SITE WHERE TEACHER RATED CHILD","site identifier","","","","-99=System Missing","Not applicable","released identifier","Documented as the site where the teacher rated the child in Spring Kindergarten.","Retain unchanged; do not relabel as a teacher or classroom identifier.","none","release-specific","docs/icpsr/DS0001/04283-0001-Codebook.pdf; docs/icpsr/DS0001/04283-0001-Setup.do","Codebook PDF p. 1119; Setup.do lines 2524 and 3754","verified","Q07","pending",""
"DS0001","SITE_WT","site_sampling_weight","All","Pre-K","Study sampling","Study administration","Sampling Weight for Site","sampling weight","","","","-99=System Missing","Not applicable","released weight","Documented as a site sampling weight, not a site identifier.","Retain unchanged; do not use as an identifier.","none","release-specific","docs/icpsr/DS0001/04283-0001-Codebook.pdf; docs/icpsr/DS0001/04283-0001-Setup.dct; docs/icpsr/DS0001/04283-0001-Setup.do","Codebook PDF p. 563; Setup.dct line 545; Setup.do lines 370 and 3080","verified","","pending","Included because its name matches SITE_*; explicitly not an ID."
"DS0001","TVIPSPF","tvip_spanish_standard_score","PF","Pre-K","Fall","Child assessment","ASMNT: PREK: FALL: SPANISH: TVIP (STAND SCORE)","standard score","","","","-99=System Missing","Spanish","released derived score","Spanish TVIP standard score.","Keep separate from English PPVT; no cross-language harmonization or combination is authorized.","none","release-specific plus study guide","docs/icpsr/DS0001/04283-0001-Codebook.pdf; docs/icpsr/04283-User_guide.pdf; docs/icpsr/DS0001/04283-0001-Setup.do","Codebook PDF p. 46; User guide PDF pp. 25 and 54; Setup.do lines 159 and 2611","partial","Q09","pending","Comparability to English PPVT is not established."
"DS0001","TVIPRSPF","tvip_spanish_raw_score","PF","Pre-K","Fall","Child assessment","ASMNT: PREK: FALL: SPANISH: TVIP (RAW SCORE)","raw score","","","","-99=System Missing","Spanish","released raw score","Spanish TVIP raw score.","Keep separate from English PPVT and from TVIP standard scores.","none","release-specific","docs/icpsr/DS0001/04283-0001-Codebook.pdf; docs/icpsr/DS0001/04283-0001-Setup.do","Codebook PDF p. 48; Setup.do lines 160 and 2612","partial","Q09","pending","No cross-language or raw-to-standard combination is authorized."
"DS0001","WM25SSPF","woodcock_munoz_applied_problems_standard_score","PF","Pre-K","Fall","Child assessment","ASMNT: PREK: FALL: SPANISH: WM TEST 25 (APP PROB): STANDARD SCORE","standard score","","","","-99=System Missing","Spanish","released derived score","Spanish Woodcock-Muñoz Test 25 Applied Problems standard score.","Keep separate from English WJ-III Applied Problems; no cross-language harmonization is authorized.","none","release-specific plus study guide","docs/icpsr/DS0001/04283-0001-Codebook.pdf; docs/icpsr/04283-User_guide.pdf; docs/icpsr/DS0001/04283-0001-Setup.do","Codebook PDF p. 49; User guide PDF pp. 25 and 54; Setup.do lines 161 and 2613","partial","Q09","pending","Cross-language comparability is not established."
"DS0001","WM25WPF","woodcock_munoz_applied_problems_w_score","PF","Pre-K","Fall","Child assessment","ASMNT: PREK: FALL: SPANISH: WM TEST 25 (APP PROB): W SCORE","W score","","","","-99=System Missing","Spanish","released derived score","Spanish Woodcock-Muñoz Test 25 Applied Problems W score.","Keep separate from English WJ-III scores and Spanish standard scores.","none","release-specific","docs/icpsr/DS0001/04283-0001-Codebook.pdf; docs/icpsr/DS0001/04283-0001-Setup.do","Codebook PDF p. 50; Setup.do lines 162 and 2614","partial","Q09","pending","No cross-language or W-to-standard conversion is authorized."
"DS0001","TVIPSPS","tvip_spanish_standard_score","PS","Pre-K","Spring","Child assessment","ASMNT: PREK: SPRING:SPANISH: TVIP (STAND SCORE)","standard score","","","","-99=System Missing","Spanish","released derived score","Spanish TVIP standard score.","Keep separate from English PPVT; no cross-language harmonization or combination is authorized.","none","release-specific plus study guide","docs/icpsr/DS0001/04283-0001-Codebook.pdf; docs/icpsr/04283-User_guide.pdf; docs/icpsr/DS0001/04283-0001-Setup.do","Codebook PDF p. 72; User guide PDF pp. 25 and 54; Setup.do lines 204 and 2634","partial","Q09","pending","Comparability to English PPVT is not established."
"DS0001","TVIPRSPS","tvip_spanish_raw_score","PS","Pre-K","Spring","Child assessment","ASMNT: PREK: SPRING:SPANISH: TVIP (RAW SCORE)","raw score","","","","-99=System Missing","Spanish","released raw score","Spanish TVIP raw score.","Keep separate from English PPVT and from TVIP standard scores.","none","release-specific","docs/icpsr/DS0001/04283-0001-Codebook.pdf; docs/icpsr/DS0001/04283-0001-Setup.do","Codebook PDF p. 74; Setup.do lines 205 and 2635","partial","Q09","pending","No cross-language or raw-to-standard combination is authorized."
"DS0001","WM25SSPS","woodcock_munoz_applied_problems_standard_score","PS","Pre-K","Spring","Child assessment","ASMNT: PREK: SPRING:SPANISH: WM TEST 25 (APP PROB): STANDARD SCORE","standard score","","","","-99=System Missing","Spanish","released derived score","Spanish Woodcock-Muñoz Test 25 Applied Problems standard score.","Keep separate from English WJ-III Applied Problems; no cross-language harmonization is authorized.","none","release-specific plus study guide","docs/icpsr/DS0001/04283-0001-Codebook.pdf; docs/icpsr/04283-User_guide.pdf; docs/icpsr/DS0001/04283-0001-Setup.do","Codebook PDF p. 75; User guide PDF pp. 25 and 54; Setup.do lines 206 and 2636","partial","Q09","pending","Cross-language comparability is not established."
"DS0001","WM25WPS","woodcock_munoz_applied_problems_w_score","PS","Pre-K","Spring","Child assessment","ASMNT: PREK: SPRING:SPANISH: WM TEST 25 (APP PROB): W SCORE","W score","","","","-99=System Missing","Spanish","released derived score","Spanish Woodcock-Muñoz Test 25 Applied Problems W score.","Keep separate from English WJ-III scores and Spanish standard scores.","none","release-specific","docs/icpsr/DS0001/04283-0001-Codebook.pdf; docs/icpsr/DS0001/04283-0001-Setup.do","Codebook PDF p. 77; Setup.do lines 207 and 2637","partial","Q09","pending","No cross-language or W-to-standard conversion is authorized."
"DS0001","TVIPSKF","tvip_spanish_standard_score","KF","Kindergarten","Fall","Child assessment","ASMNT: K: FALL: SPANISH: TVIP (STAND SCORE)","standard score","","","","-99=System Missing | -6=Item is Missing (But Form is Present)","Spanish","released derived score","Spanish TVIP standard score.","Keep separate from English PPVT; no cross-language harmonization or combination is authorized.","proposed_not_approved","release-specific plus study guide","docs/icpsr/DS0001/04283-0001-Codebook.pdf; docs/icpsr/04283-User_guide.pdf; docs/icpsr/DS0001/04283-0001-Setup.do","Codebook PDF p. 600; User guide PDF pp. 27 and 56; Setup.do lines 1080-1081 and 3129","partial","Q09","pending","The guide's separate English PPVT statement does not authorize combining scores."
"DS0001","WM25SSKF","woodcock_munoz_applied_problems_standard_score","KF","Kindergarten","Fall","Child assessment","ASMNT: K: FALL: SPANISH: WM TEST 25 (APP PROB) (STANDARD SCORE)","standard score","","","","-99=System Missing","Spanish","released derived score","Spanish Woodcock-Muñoz Test 25 Applied Problems standard score.","Keep separate from English WJ-III Applied Problems; no cross-language harmonization is authorized.","none","release-specific plus study guide","docs/icpsr/DS0001/04283-0001-Codebook.pdf; docs/icpsr/04283-User_guide.pdf; docs/icpsr/DS0001/04283-0001-Setup.do","Codebook PDF p. 601; User guide PDF pp. 27 and 56; Setup.do lines 1082 and 3130","partial","Q09","pending","Cross-language comparability is not established."
"DS0001","WM25WKF","woodcock_munoz_applied_problems_w_score","KF","Kindergarten","Fall","Child assessment","ASMNT: K: FALL: SPANISH: WM TEST 25 (APP PROB) (W SCORE)","W score","","","","-99=System Missing","Spanish","released derived score","Spanish Woodcock-Muñoz Test 25 Applied Problems W score.","Keep separate from English WJ-III scores and Spanish standard scores.","none","release-specific","docs/icpsr/DS0001/04283-0001-Codebook.pdf; docs/icpsr/DS0001/04283-0001-Setup.do","Codebook PDF p. 602; Setup.do lines 1083 and 3131","partial","Q09","pending","No cross-language or W-to-standard conversion is authorized."
"DS0001","WM22SSKF","woodcock_munoz_letter_word_standard_score","KF","Kindergarten","Fall","Child assessment","ASMNT: K: FALL: SPANISH: WM TEST 22 (LET-WORD ID) (STANDARD SCORE)","standard score","","","","-99=System Missing","Spanish","released derived score","Spanish Woodcock-Muñoz Test 22 Letter-Word Identification standard score.","Keep separate from English and other Spanish constructs.","none","release-specific","docs/icpsr/DS0001/04283-0001-Codebook.pdf; docs/icpsr/DS0001/04283-0001-Setup.do","Codebook PDF p. 603; Setup.do lines 1084 and 3132","partial","Q09","pending","Included to inventory the Kindergarten Spanish battery; not a core English-outcome counterpart."
"DS0001","WM22WKF","woodcock_munoz_letter_word_w_score","KF","Kindergarten","Fall","Child assessment","ASMNT: K: FALL: SPANISH: WM TEST 22 (LET-WORD ID)) (W SCORE)","W score","","","","-99=System Missing","Spanish","released derived score","Spanish Woodcock-Muñoz Test 22 Letter-Word Identification W score.","Keep separate from English and other Spanish constructs.","none","release-specific","docs/icpsr/DS0001/04283-0001-Codebook.pdf; docs/icpsr/DS0001/04283-0001-Setup.do","Codebook PDF p. 604; Setup.do lines 1085 and 3133","partial","Q09","pending","No W-to-standard conversion is authorized."
"DS0001","TVIPSKS","tvip_spanish_standard_score","KS","Kindergarten","Spring","Child assessment","ASMNT: K: SPRING: SPANISH: TVIP (STAND SCORE)","standard score","","","","-99=System Missing","Spanish","released derived score","Spanish TVIP standard score.","Keep separate from English PPVT; no cross-language harmonization or combination is authorized.","none","release-specific plus study guide","docs/icpsr/DS0001/04283-0001-Codebook.pdf; docs/icpsr/04283-User_guide.pdf; docs/icpsr/DS0001/04283-0001-Setup.do","Codebook PDF p. 628; User guide PDF pp. 27 and 56; Setup.do lines 1115 and 3155","partial","Q09","pending","Comparability to English PPVT is not established."
"DS0001","WM22SSKS","woodcock_munoz_letter_word_standard_score","KS","Kindergarten","Spring","Child assessment","ASMNT: K: SPRING: SPANISH: WM TEST 22 (LET-WORD ID) (STANDARD SCORE)","standard score","","","","-99=System Missing","Spanish","released derived score","Spanish Woodcock-Muñoz Test 22 Letter-Word Identification standard score.","Keep separate from English and other Spanish constructs.","none","release-specific","docs/icpsr/DS0001/04283-0001-Codebook.pdf; docs/icpsr/DS0001/04283-0001-Setup.do","Codebook PDF p. 629; Setup.do lines 1116 and 3156","partial","Q09","pending","Included to inventory the Kindergarten Spanish battery."
"DS0001","WM22WKS","woodcock_munoz_letter_word_w_score","KS","Kindergarten","Spring","Child assessment","ASMNT: K: SPRING: SPANISH: WM TEST 22 (LET-WORD ID)) (W SCORE)","W score","","","","-99=System Missing","Spanish","released derived score","Spanish Woodcock-Muñoz Test 22 Letter-Word Identification W score.","Keep separate from English and other Spanish constructs.","none","release-specific","docs/icpsr/DS0001/04283-0001-Codebook.pdf; docs/icpsr/DS0001/04283-0001-Setup.do","Codebook PDF p. 630; Setup.do lines 1117 and 3157","partial","Q09","pending","No W-to-standard conversion is authorized."
"DS0001","WM25SSKS","woodcock_munoz_applied_problems_standard_score","KS","Kindergarten","Spring","Child assessment","ASMNT: K: SPRING: SPANISH: WM TEST 25 (APP PROB): STANDARD SCORE","standard score","","","","-99=System Missing","Spanish","released derived score","Spanish Woodcock-Muñoz Test 25 Applied Problems standard score.","Keep separate from English WJ-III Applied Problems; no cross-language harmonization is authorized.","none","release-specific plus study guide","docs/icpsr/DS0001/04283-0001-Codebook.pdf; docs/icpsr/04283-User_guide.pdf; docs/icpsr/DS0001/04283-0001-Setup.do","Codebook PDF p. 631; User guide PDF pp. 27 and 56; Setup.do lines 1118 and 3158","partial","Q09","pending","Cross-language comparability is not established."
"DS0001","WM25WKS","woodcock_munoz_applied_problems_w_score","KS","Kindergarten","Spring","Child assessment","ASMNT: K: SPRING: SPANISH: WM TEST 25 (APP PROB): W SCORE","W score","","","","-99=System Missing","Spanish","released derived score","Spanish Woodcock-Muñoz Test 25 Applied Problems W score.","Keep separate from English WJ-III scores and Spanish standard scores.","none","release-specific","docs/icpsr/DS0001/04283-0001-Codebook.pdf; docs/icpsr/DS0001/04283-0001-Setup.do","Codebook PDF p. 632; Setup.do lines 1119 and 3159","partial","Q09","pending","No cross-language or W-to-standard conversion is authorized."
"DS0002","CASEID","kindergarten_classroom_case_identifier","Classroom record","Kindergarten","Not wave-specific","Study administration","CASE IDENTIFIER","identifier","","","","","Not applicable","released identifier","Documented only as a case identifier in the Kindergarten classroom-level file.","Retain unchanged; do not link to child records without a documented key.","blocked","release-specific","docs/icpsr/DS0002/04283-0002-Codebook.pdf; docs/icpsr/DS0002/04283-0002-Setup.dct","Codebook PDF p. 6; Setup.dct line 18","partial","Q05","pending","No documented DS0001 linkage key was found."
"DS0003","CASEID","pre_k_classroom_case_identifier","Classroom record","Pre-K","Not wave-specific","Study administration","CASE IDENTIFIER","identifier","","","","","Not applicable","released identifier","Documented only as a case identifier in the Pre-K classroom-level file.","Retain unchanged; do not link to child records without a documented key.","blocked","release-specific","docs/icpsr/DS0003/04283-0003-Codebook.pdf; docs/icpsr/DS0003/04283-0003-Setup.dct","Codebook PDF p. 6; Setup.dct line 17","partial","Q05","pending","No documented DS0001 linkage key was found."
"DS0003","LEAD_1","nominal_teacher_identifier","Classroom record","Pre-K","Not wave-specific","Study administration","TEACHER ID","identifier","","","","-99=System Missing","Not applicable","released identifier","Release-specific label is Teacher ID, but available documentation does not establish identifier scope or uniqueness.","Retain unchanged; do not use as a unique teacher key without additional evidence.","blocked","release-specific","docs/icpsr/DS0003/04283-0003-Codebook.pdf; docs/icpsr/DS0003/04283-0003-Setup.dct; docs/icpsr/DS0003/04283-0003-Setup.do","Codebook PDF p. 159; Setup.dct line 122; Setup.do lines 175 and 548","partial","Q06","pending","Empirical behavior is assessed only in generated validation."
"DS0003","SITE_WT","site_sampling_weight","Classroom record","Pre-K","Study sampling","Study administration","Sampling Weight for Site","sampling weight","","","","-99=System Missing","Not applicable","released weight","Documented as a site sampling weight, not a site identifier.","Retain unchanged; do not use as an identifier or linkage key.","none","release-specific","docs/icpsr/DS0003/04283-0003-Codebook.pdf; docs/icpsr/DS0003/04283-0003-Setup.dct; docs/icpsr/DS0003/04283-0003-Setup.do","Codebook PDF p. 250; Setup.dct line 245; Setup.do lines 370 and 671","verified","","pending","Included because its name matches SITE_*; explicitly not an ID."
